run,repetition,combo_idx,seed,p_depol,cutoff_active,n_mem,delivered_AC,delivered_BD,delivered_total,meanF_AC,meanF_BD,meanF_total,attempts
1.0,1.0,1.0,1.0,0.02,0.0,5.0,248.0,206.0,454.0,0.7693359966402303,0.7646173014486194,0.7669766490444249,1.0
2.0,1.0,2.0,1.0,0.02,1.0,5.0,63.0,43.0,106.0,0.8957685280152232,0.8896403260893229,0.892704427052273,1.0
3.0,1.0,3.0,1.0,0.05,0.0,5.0,221.0,234.0,455.0,0.7206475559504035,0.7239299717818938,0.7222887638661486,1.0
4.0,1.0,4.0,1.0,0.05,1.0,5.0,59.0,41.0,100.0,0.8458778635216201,0.8444219510264211,0.8451499072740206,1.0
5.0,1.0,5.0,1.0,0.1,0.0,5.0,211.0,241.0,452.0,0.6513440500192709,0.6602691296818951,0.6558065898505829,1.0
6.0,1.0,6.0,1.0,0.1,1.0,5.0,47.0,49.0,96.0,0.7536272623694809,0.7520339146804476,0.7528305885249642,1.0
7.0,1.0,7.0,1.0,0.02,0.0,10.0,243.0,212.0,455.0,0.7040111490716332,0.6945229648356726,0.6992670569536529,1.0
8.0,1.0,8.0,1.0,0.02,0.0,20.0,237.0,218.0,455.0,0.6412635073034705,0.6354604797746675,0.638361993539069,1.0
9.0,2.0,1.0,2.0,0.02,0.0,5.0,241.0,248.0,489.0,0.7749722037115082,0.7806563991236279,0.777814301417568,1.0
10.0,2.0,2.0,2.0,0.02,1.0,5.0,30.0,51.0,81.0,0.9035278239836141,0.8967381168945507,0.9001329704390824,3.0
11.0,2.0,3.0,2.0,0.05,0.0,5.0,254.0,235.0,489.0,0.7294459596427126,0.7371410203391658,0.7332934899909392,1.0
12.0,2.0,4.0,2.0,0.05,1.0,5.0,51.0,55.0,106.0,0.850764140859628,0.8402044461828675,0.8454842935212478,1.0
13.0,2.0,5.0,2.0,0.1,0.0,5.0,241.0,248.0,489.0,0.6596666715973121,0.6664692778422598,0.663067974719786,1.0
14.0,2.0,6.0,2.0,0.1,1.0,5.0,43.0,38.0,81.0,0.7579464550945711,0.7600513213362169,0.758998888215394,1.0
15.0,2.0,7.0,2.0,0.02,0.0,10.0,248.0,241.0,489.0,0.718528271291983,0.7144103437722228,0.7164693075321029,1.0
16.0,2.0,8.0,2.0,0.02,0.0,20.0,239.0,250.0,489.0,0.6383381417195739,0.6392927200075925,0.6388154308635832,1.0
17.0,3.0,1.0,3.0,0.02,0.0,5.0,237.0,228.0,465.0,0.7817047393061225,0.7735648930219059,0.7776348161640142,1.0
18.0,3.0,2.0,3.0,0.02,1.0,5.0,55.0,51.0,106.0,0.9058327941873172,0.904267524875931,0.905050159531624,1.0
19.0,3.0,3.0,3.0,0.05,0.0,5.0,226.0,238.0,464.0,0.7321893122087705,0.7318243186457323,0.7320068154272514,1.0
20.0,3.0,4.0,3.0,0.05,1.0,5.0,56.0,66.0,122.0,0.847833929692685,0.8376756463124456,0.8427547880025653,1.0
21.0,3.0,5.0,3.0,0.1,0.0,5.0,238.0,226.0,464.0,0.6629781710516199,0.6571992244176358,0.6600886977346279,1.0
22.0,3.0,6.0,3.0,0.1,1.0,5.0,54.0,52.0,106.0,0.7583202738154198,0.7573047588486231,0.7578125163320215,1.0
23.0,3.0,7.0,3.0,0.02,0.0,10.0,250.0,214.0,464.0,0.7086373930415054,0.7119149107637377,0.7102761519026215,1.0
24.0,3.0,8.0,3.0,0.02,0.0,20.0,227.0,235.0,462.0,0.6362213074243545,0.6387978175381624,0.6375095624812585,1.0
25.0,4.0,1.0,4.0,0.02,0.0,5.0,234.0,239.0,473.0,0.7807289863847752,0.7760647071517187,0.7783968467682469,1.0
26.0,4.0,2.0,4.0,0.02,1.0,5.0,65.0,58.0,123.0,0.8977859051401067,0.8976943135933563,0.8977401093667314,3.0
27.0,4.0,3.0,4.0,0.05,0.0,5.0,227.0,245.0,472.0,0.7340723165528482,0.736686031003249,0.7353791737780486,1.0
28.0,4.0,4.0,4.0,0.05,1.0,5.0,70.0,64.0,134.0,0.8417725382883032,0.8408677807160121,0.8413201595021577,1.0
29.0,4.0,5.0,4.0,0.1,0.0,5.0,225.0,239.0,464.0,0.6606380996442913,0.653101060161792,0.6568695799030417,1.0
30.0,4.0,6.0,4.0,0.1,1.0,5.0,51.0,56.0,107.0,0.7553391580786575,0.7563819707107943,0.7558605643947258,1.0
31.0,4.0,7.0,4.0,0.02,0.0,10.0,242.0,231.0,473.0,0.7105508178376971,0.7199424136935768,0.715246615765637,1.0
32.0,4.0,8.0,4.0,0.02,0.0,20.0,246.0,226.0,472.0,0.6459752014044645,0.6480772365147921,0.6470262189596283,1.0
33.0,5.0,1.0,5.0,0.02,0.0,5.0,220.0,229.0,449.0,0.7765688040470651,0.7758590971291345,0.7762139505880998,1.0
34.0,5.0,2.0,5.0,0.02,1.0,5.0,52.0,50.0,102.0,0.8934325871356286,0.8997179984551598,0.8965752927953942,2.0
35.0,5.0,3.0,5.0,0.05,0.0,5.0,218.0,231.0,449.0,0.7252575023643952,0.7322340762817223,0.7287457893230588,1.0
36.0,5.0,4.0,5.0,0.05,1.0,5.0,62.0,71.0,133.0,0.8491965372513965,0.8388018929838184,0.8439992151176074,1.0
37.0,5.0,5.0,5.0,0.1,0.0,5.0,214.0,235.0,449.0,0.656565916092981,0.6617118604812956,0.6591388882871383,1.0
38.0,5.0,6.0,5.0,0.1,1.0,5.0,66.0,69.0,135.0,0.7535470941785235,0.7500078961536084,0.751777495166066,1.0
39.0,5.0,7.0,5.0,0.02,0.0,10.0,229.0,220.0,449.0,0.7062115502899706,0.7014278702047176,0.7038197102473441,1.0
40.0,5.0,8.0,5.0,0.02,0.0,20.0,217.0,232.0,449.0,0.6327215572919931,0.6382240696091859,0.6354728134505895,1.0
41.0,6.0,1.0,6.0,0.02,0.0,5.0,195.0,221.0,416.0,0.7682089320454731,0.7618117725110102,0.7650103522782417,1.0
42.0,6.0,2.0,6.0,0.02,1.0,5.0,64.0,68.0,132.0,0.8952881751692968,0.8975222436366234,0.8964052094029601,2.0
43.0,6.0,3.0,6.0,0.05,0.0,5.0,196.0,222.0,418.0,0.7119710893346021,0.7145110921384417,0.7132410907365219,1.0
44.0,6.0,4.0,6.0,0.05,1.0,5.0,46.0,49.0,95.0,0.8504735316406304,0.8431014635968408,0.8467874976187356,1.0
45.0,6.0,5.0,6.0,0.1,0.0,5.0,186.0,232.0,418.0,0.6452465588802857,0.6538450394231966,0.6495457991517412,1.0
46.0,6.0,6.0,6.0,0.1,1.0,5.0,76.0,53.0,129.0,0.7537859425562949,0.7518015550983793,0.7527937488273371,1.0
47.0,6.0,7.0,6.0,0.02,0.0,10.0,225.0,192.0,417.0,0.6871204171249609,0.6932430508440807,0.6901817339845208,1.0
48.0,6.0,8.0,6.0,0.02,0.0,20.0,223.0,195.0,418.0,0.6226637049885069,0.6303081678954973,0.6264859364420021,1.0
49.0,7.0,1.0,7.0,0.02,0.0,5.0,245.0,241.0,486.0,0.7912839896674633,0.783727964183996,0.7875059769257297,1.0
50.0,7.0,2.0,7.0,0.02,1.0,5.0,51.0,55.0,106.0,0.9024973846894747,0.8998329448390805,0.9011651647642775,1.0
51.0,7.0,3.0,7.0,0.05,0.0,5.0,240.0,247.0,487.0,0.7400151443777473,0.7442370385670593,0.7421260914724033,1.0
52.0,7.0,4.0,7.0,0.05,1.0,5.0,42.0,46.0,88.0,0.8485301220945751,0.8440855123128728,0.8463078172037239,1.0
53.0,7.0,5.0,7.0,0.1,0.0,5.0,242.0,244.0,486.0,0.6633547239409902,0.6632788085871252,0.6633167662640577,1.0
54.0,7.0,6.0,7.0,0.1,1.0,5.0,54.0,47.0,101.0,0.7526535249778982,0.7552619772276272,0.7539577511027626,1.0
55.0,7.0,7.0,7.0,0.02,0.0,10.0,248.0,237.0,485.0,0.7126091998643159,0.7106357563480653,0.7116224781061906,1.0
56.0,7.0,8.0,7.0,0.02,0.0,20.0,236.0,250.0,486.0,0.6516947625719348,0.6397109418147504,0.6457028521933426,1.0
57.0,8.0,1.0,8.0,0.02,0.0,5.0,262.0,220.0,482.0,0.7820389905174127,0.7775516324778837,0.7797953114976481,1.0
58.0,8.0,2.0,8.0,0.02,1.0,5.0,67.0,67.0,134.0,0.9079369080917266,0.9045030221320385,0.9062199651118825,1.0
59.0,8.0,3.0,8.0,0.05,0.0,5.0,237.0,240.0,477.0,0.7356925276101486,0.7266159531549935,0.731154240382571,1.0
60.0,8.0,4.0,8.0,0.05,1.0,5.0,41.0,37.0,78.0,0.8491533580588912,0.8446959223388102,0.8469246401988507,1.0
61.0,8.0,5.0,8.0,0.1,0.0,5.0,249.0,227.0,476.0,0.6663008515677247,0.6491288474055392,0.657714849486632,1.0
62.0,8.0,6.0,8.0,0.1,1.0,5.0,56.0,53.0,109.0,0.7533273819495544,0.7525056230446993,0.7529165024971268,1.0
63.0,8.0,7.0,8.0,0.02,0.0,10.0,258.0,225.0,483.0,0.7253934855021571,0.7009718247986708,0.7131826551504139,1.0
64.0,8.0,8.0,8.0,0.02,0.0,20.0,251.0,231.0,482.0,0.6538400950210315,0.6399196265775665,0.6468798607992989,1.0
65.0,9.0,1.0,9.0,0.02,0.0,5.0,229.0,236.0,465.0,0.7738742871659149,0.7729869074490275,0.7734305973074712,1.0
66.0,9.0,2.0,9.0,0.02,1.0,5.0,41.0,43.0,84.0,0.9041160391787247,0.8981916214230672,0.9011538303008959,1.0
67.0,9.0,3.0,9.0,0.05,0.0,5.0,243.0,222.0,465.0,0.7365225630476576,0.7302106700577534,0.7333666165527055,1.0
68.0,9.0,4.0,9.0,0.05,1.0,5.0,62.0,50.0,112.0,0.8432566622351743,0.8513613353287498,0.847308998781962,1.0
69.0,9.0,5.0,9.0,0.1,0.0,5.0,237.0,228.0,465.0,0.6631710283545845,0.6567523882165318,0.6599617082855582,1.0
70.0,9.0,6.0,9.0,0.1,1.0,5.0,64.0,63.0,127.0,0.7531897637280691,0.7481215740066757,0.7506556688673724,1.0
71.0,9.0,7.0,9.0,0.02,0.0,10.0,246.0,221.0,467.0,0.7024269686176626,0.7064659456614762,0.7044464571395694,1.0
72.0,9.0,8.0,9.0,0.02,0.0,20.0,225.0,242.0,467.0,0.6358413374803791,0.6529674856313096,0.6444044115558443,1.0
73.0,10.0,1.0,10.0,0.02,0.0,5.0,245.0,213.0,458.0,0.7772846585242664,0.7745003182766368,0.7758924884004517,1.0
74.0,10.0,2.0,10.0,0.02,1.0,5.0,45.0,43.0,88.0,0.8956708553503319,0.9086896811640865,0.9021802682572092,1.0
75.0,10.0,3.0,10.0,0.05,0.0,5.0,231.0,226.0,457.0,0.7321065479331046,0.7308555647390991,0.7314810563361018,1.0
76.0,10.0,4.0,10.0,0.05,1.0,5.0,49.0,57.0,106.0,0.8328691330538011,0.8359409062091492,0.8344050196314752,2.0
77.0,10.0,5.0,10.0,0.1,0.0,5.0,245.0,213.0,458.0,0.6603829872038859,0.6568287862915917,0.6586058867477388,1.0
78.0,10.0,6.0,10.0,0.1,1.0,5.0,37.0,39.0,76.0,0.748775415253387,0.7535617533558929,0.75116858430464,1.0
79.0,10.0,7.0,10.0,0.02,0.0,10.0,241.0,217.0,458.0,0.7148469933502584,0.7029956121931321,0.7089213027716952,1.0
80.0,10.0,8.0,10.0,0.02,0.0,20.0,227.0,230.0,457.0,0.63040112842351,0.6252215368693816,0.6278113326464458,1.0
81.0,11.0,1.0,11.0,0.02,0.0,5.0,225.0,232.0,457.0,0.7730264167018492,0.7750358152584007,0.774031115980125,1.0
82.0,11.0,2.0,11.0,0.02,1.0,5.0,50.0,51.0,101.0,0.9081485605571038,0.9025894838526705,0.9053690222048871,1.0
83.0,11.0,3.0,11.0,0.05,0.0,5.0,58.0,66.0,124.0,0.7085583502076275,0.7312205436286289,0.7198894469181282,1.0
84.0,11.0,4.0,11.0,0.05,1.0,5.0,46.0,66.0,112.0,0.8516065749007882,0.8376571565388315,0.8446318657198099,1.0
85.0,11.0,5.0,11.0,0.1,0.0,5.0,107.0,114.0,221.0,0.6465254433372409,0.6547665434506882,0.6506459933939646,1.0
86.0,11.0,6.0,11.0,0.1,1.0,5.0,55.0,40.0,95.0,0.7534013940084913,0.759835525702795,0.7566184598556431,2.0
87.0,11.0,7.0,11.0,0.02,0.0,10.0,218.0,240.0,458.0,0.691008130717749,0.7100732270296571,0.7005406788737031,1.0
88.0,11.0,8.0,11.0,0.02,0.0,20.0,241.0,217.0,458.0,0.6421094180822529,0.6443882648171076,0.6432488414496802,1.0
89.0,12.0,1.0,12.0,0.02,0.0,5.0,225.0,233.0,458.0,0.7674148570747104,0.7794679771222326,0.7734414170984715,1.0
90.0,12.0,2.0,12.0,0.02,1.0,5.0,47.0,56.0,103.0,0.8850926759154288,0.8960185259056408,0.8905556009105349,1.0
91.0,12.0,3.0,12.0,0.05,0.0,5.0,222.0,237.0,459.0,0.7167179817016005,0.7362655424507578,0.7264917620761792,1.0
92.0,12.0,4.0,12.0,0.05,1.0,5.0,43.0,47.0,90.0,0.8445150496762354,0.832031888092801,0.8382734688845181,1.0
93.0,12.0,5.0,12.0,0.1,0.0,5.0,215.0,243.0,458.0,0.6537323662973707,0.6610140150903356,0.6573731906938531,1.0
94.0,12.0,6.0,12.0,0.1,1.0,5.0,50.0,48.0,98.0,0.748871119422263,0.7583208130001253,0.7535959662111942,1.0
95.0,12.0,7.0,12.0,0.02,0.0,10.0,223.0,238.0,461.0,0.7144009589762318,0.7129311419887514,0.7136660504824917,1.0
96.0,12.0,8.0,12.0,0.02,0.0,20.0,223.0,238.0,461.0,0.6356047173076195,0.6344008578760432,0.6350027875918314,1.0
97.0,13.0,1.0,13.0,0.02,0.0,5.0,257.0,248.0,505.0,0.7956781453664403,0.7896581319341869,0.7926681386503136,1.0
98.0,13.0,2.0,13.0,0.02,1.0,5.0,45.0,41.0,86.0,0.9090582998492773,0.9051379549323371,0.9070981273908072,1.0
99.0,13.0,3.0,13.0,0.05,0.0,5.0,257.0,248.0,505.0,0.7413848321094056,0.752681018035563,0.7470329250724843,1.0
100.0,13.0,4.0,13.0,0.05,1.0,5.0,53.0,59.0,112.0,0.8456661335351289,0.8404636936232707,0.8430649135791998,1.0
101.0,13.0,5.0,13.0,0.1,0.0,5.0,236.0,268.0,504.0,0.6706474438126551,0.6697175715128876,0.6701825076627713,1.0
102.0,13.0,6.0,13.0,0.1,1.0,5.0,61.0,53.0,114.0,0.7510397737071748,0.759420050254671,0.7552299119809229,1.0
103.0,13.0,7.0,13.0,0.02,0.0,10.0,254.0,250.0,504.0,0.7223293784222189,0.7198541704788625,0.7210917744505407,1.0
104.0,13.0,8.0,13.0,0.02,0.0,20.0,246.0,259.0,505.0,0.6439424021705759,0.6509757763341106,0.6474590892523433,1.0
105.0,14.0,1.0,14.0,0.02,0.0,5.0,230.0,237.0,467.0,0.7816733193922657,0.7818014885252618,0.7817374039587637,1.0
106.0,14.0,2.0,14.0,0.02,1.0,5.0,72.0,66.0,138.0,0.8990820484122006,0.8986926041305325,0.8988873262713666,1.0
107.0,14.0,3.0,14.0,0.05,0.0,5.0,242.0,225.0,467.0,0.7418072014738314,0.7208188377927135,0.7313130196332724,1.0
108.0,14.0,4.0,14.0,0.05,1.0,5.0,68.0,59.0,127.0,0.8437347796720698,0.8375229342049398,0.8406288569385048,1.0
109.0,14.0,5.0,14.0,0.1,0.0,5.0,240.0,227.0,467.0,0.6636664185028408,0.6595031538174297,0.6615847861601353,1.0
110.0,14.0,6.0,14.0,0.1,1.0,5.0,46.0,54.0,100.0,0.7508561039842524,0.75394437415636,0.7524002390703062,1.0
111.0,14.0,7.0,14.0,0.02,0.0,10.0,239.0,228.0,467.0,0.7112043901573762,0.7039154563855166,0.7075599232714465,1.0
112.0,14.0,8.0,14.0,0.02,0.0,20.0,233.0,234.0,467.0,0.6569214348985979,0.6344631473370537,0.6456922911178258,1.0
113.0,15.0,1.0,15.0,0.02,0.0,5.0,238.0,240.0,478.0,0.7764761154446449,0.7779353801744363,0.7772057478095407,1.0
114.0,15.0,2.0,15.0,0.02,1.0,5.0,47.0,50.0,97.0,0.8965399491361097,0.9077064874927474,0.9021232183144285,1.0
115.0,15.0,3.0,15.0,0.05,0.0,5.0,236.0,242.0,478.0,0.7304307939208525,0.7268162908790863,0.7286235423999694,1.0
116.0,15.0,4.0,15.0,0.05,1.0,5.0,61.0,64.0,125.0,0.8476192910806085,0.8415837925468002,0.8446015418137043,1.0
117.0,15.0,5.0,15.0,0.1,0.0,5.0,226.0,252.0,478.0,0.6571890935857289,0.6568133326258765,0.6570012131058027,1.0
118.0,15.0,6.0,15.0,0.1,1.0,5.0,82.0,60.0,142.0,0.7563371269502523,0.7590458803374875,0.75769150364387,2.0
119.0,15.0,7.0,15.0,0.02,0.0,10.0,248.0,230.0,478.0,0.7031989492726993,0.7141102463008052,0.7086545977867522,1.0
120.0,15.0,8.0,15.0,0.02,0.0,20.0,243.0,235.0,478.0,0.630225895294257,0.6401299728412959,0.6351779340677765,1.0
121.0,16.0,1.0,16.0,0.02,0.0,5.0,185.0,182.0,367.0,0.7664606121615564,0.7762004644861127,0.7713305383238345,1.0
122.0,16.0,2.0,16.0,0.02,1.0,5.0,54.0,62.0,116.0,0.9082280526597486,0.8959774612511607,0.9021027569554547,1.0
123.0,16.0,3.0,16.0,0.05,0.0,5.0,224.0,216.0,440.0,0.7258043246164518,0.725815148525043,0.7258097365707474,1.0
124.0,16.0,4.0,16.0,0.05,1.0,5.0,55.0,58.0,113.0,0.8390245386492826,0.8449905889930441,0.8420075638211634,1.0
125.0,16.0,5.0,16.0,0.1,0.0,5.0,228.0,212.0,440.0,0.654943777901845,0.6575588377740432,0.6562513078379442,1.0
126.0,16.0,6.0,16.0,0.1,1.0,5.0,61.0,58.0,119.0,0.7516411206710203,0.7578174871764122,0.7547293039237162,1.0
127.0,16.0,7.0,16.0,0.02,0.0,10.0,215.0,225.0,440.0,0.693161151411182,0.7060860820425535,0.6996236167268677,1.0
128.0,16.0,8.0,16.0,0.02,0.0,20.0,215.0,225.0,440.0,0.6283390688821121,0.6312929461315507,0.6298160075068314,1.0
129.0,17.0,1.0,17.0,0.02,0.0,5.0,230.0,243.0,473.0,0.7832304662846532,0.7809656481713354,0.7820980572279943,1.0
130.0,17.0,2.0,17.0,0.02,1.0,5.0,60.0,53.0,113.0,0.8995696175656566,0.9057909036370029,0.9026802606013298,1.0
131.0,17.0,3.0,17.0,0.05,0.0,5.0,242.0,231.0,473.0,0.7303124035875671,0.7312441432215367,0.7307782734045519,1.0
132.0,17.0,4.0,17.0,0.05,1.0,5.0,44.0,47.0,91.0,0.8445448870465865,0.8442357508524722,0.8443903189495293,1.0
133.0,17.0,5.0,17.0,0.1,0.0,5.0,236.0,237.0,473.0,0.6565934010284341,0.6623538551085482,0.6594736280684912,1.0
134.0,17.0,6.0,17.0,0.1,1.0,5.0,60.0,59.0,119.0,0.7545386331510869,0.7548099561958436,0.7546742946734653,1.0
135.0,17.0,7.0,17.0,0.02,0.0,10.0,230.0,243.0,473.0,0.7038468212658231,0.7220308619710768,0.7129388416184499,1.0
136.0,17.0,8.0,17.0,0.02,0.0,20.0,230.0,243.0,473.0,0.6528676039696916,0.6375942515413757,0.6452309277555337,1.0
137.0,18.0,1.0,18.0,0.02,0.0,5.0,262.0,255.0,517.0,0.791754916076806,0.7897742372303493,0.7907645766535777,1.0
138.0,18.0,2.0,18.0,0.02,1.0,5.0,44.0,49.0,93.0,0.9024372486685799,0.9134125997587415,0.9079249242136607,1.0
139.0,18.0,3.0,18.0,0.05,0.0,5.0,249.0,249.0,498.0,0.7402895994874565,0.7403816192187925,0.7403356093531246,1.0
140.0,18.0,4.0,18.0,0.05,1.0,5.0,60.0,53.0,113.0,0.8395343010996028,0.8403049323629984,0.8399196167313006,1.0
141.0,18.0,5.0,18.0,0.1,0.0,5.0,275.0,241.0,516.0,0.6693772948085749,0.6611730491389245,0.6652751719737497,1.0
142.0,18.0,6.0,18.0,0.1,1.0,5.0,48.0,38.0,86.0,0.7552321594318606,0.7553482268895589,0.7552901931607098,1.0
143.0,18.0,7.0,18.0,0.02,0.0,10.0,261.0,256.0,517.0,0.714574349359576,0.7210373285673146,0.7178058389634453,1.0
144.0,18.0,8.0,18.0,0.02,0.0,20.0,238.0,278.0,516.0,0.6411971093162311,0.6527076641049188,0.6469523867105749,1.0
145.0,19.0,1.0,19.0,0.02,0.0,5.0,222.0,251.0,473.0,0.787781330525205,0.7826729351047904,0.7852271328149978,1.0
146.0,19.0,2.0,19.0,0.02,1.0,5.0,68.0,77.0,145.0,0.9012498877122452,0.8943531850253306,0.8978015363687879,1.0
147.0,19.0,3.0,19.0,0.05,0.0,5.0,223.0,249.0,472.0,0.7305143484144668,0.742090330962345,0.7363023396884059,1.0
148.0,19.0,4.0,19.0,0.05,1.0,5.0,43.0,51.0,94.0,0.8372557298016108,0.8449488612982867,0.8411022955499488,1.0
149.0,19.0,5.0,19.0,0.1,0.0,5.0,219.0,253.0,472.0,0.6647154256966372,0.6643561337569398,0.6645357797267886,1.0
150.0,19.0,6.0,19.0,0.1,1.0,5.0,43.0,52.0,95.0,0.762344155492395,0.7518821310942927,0.7571131432933438,1.0
151.0,19.0,7.0,19.0,0.02,0.0,10.0,223.0,250.0,473.0,0.7072922897086477,0.7145261794839523,0.7109092345963,1.0
152.0,19.0,8.0,19.0,0.02,0.0,20.0,222.0,251.0,473.0,0.6395090613025166,0.6449049514348074,0.642207006368662,1.0
153.0,20.0,1.0,20.0,0.02,0.0,5.0,230.0,264.0,494.0,0.7796226204444602,0.7853406737786336,0.7824816471115469,1.0
154.0,20.0,2.0,20.0,0.02,1.0,5.0,60.0,51.0,111.0,0.9023429379377105,0.8941798832200142,0.8982614105788623,2.0
155.0,20.0,3.0,20.0,0.05,0.0,5.0,254.0,241.0,495.0,0.7390112637660483,0.731843153030394,0.7354272083982212,1.0
156.0,20.0,4.0,20.0,0.05,1.0,5.0,67.0,69.0,136.0,0.8504996445818191,0.8397756812265482,0.8451376629041837,1.0
157.0,20.0,5.0,20.0,0.1,0.0,5.0,258.0,236.0,494.0,0.660655173150724,0.6685113199385436,0.6645832465446337,1.0
158.0,20.0,6.0,20.0,0.1,1.0,5.0,58.0,61.0,119.0,0.7495542023873474,0.7545871322090699,0.7520706672982087,1.0
159.0,20.0,7.0,20.0,0.02,0.0,10.0,260.0,235.0,495.0,0.7153514488640002,0.7180010612508798,0.7166762550574399,1.0
160.0,20.0,8.0,20.0,0.02,0.0,20.0,235.0,260.0,495.0,0.6518258220520454,0.6360715660713109,0.6439486940616781,1.0
161.0,21.0,1.0,21.0,0.02,0.0,5.0,218.0,223.0,441.0,0.7749489100601558,0.7769255793236625,0.7759372446919091,1.0
162.0,21.0,2.0,21.0,0.02,1.0,5.0,56.0,60.0,116.0,0.9053267117455308,0.8991179003299022,0.9022223060377166,1.0
163.0,21.0,3.0,21.0,0.05,0.0,5.0,216.0,223.0,439.0,0.7242613456867161,0.7282028014331489,0.7262320735599325,1.0
164.0,21.0,4.0,21.0,0.05,1.0,5.0,76.0,86.0,162.0,0.8410770563128507,0.8375963772793872,0.839336716796119,1.0
165.0,21.0,5.0,21.0,0.1,0.0,5.0,218.0,223.0,441.0,0.6570662610195354,0.6576058815279244,0.65733607127373,1.0
166.0,21.0,6.0,21.0,0.1,1.0,5.0,55.0,62.0,117.0,0.7480085532246356,0.7515138226220978,0.7497611879233667,1.0
167.0,21.0,7.0,21.0,0.02,0.0,10.0,218.0,223.0,441.0,0.7077748879869493,0.6948479051421041,0.7013113965645268,1.0
168.0,21.0,8.0,21.0,0.02,0.0,20.0,211.0,228.0,439.0,0.6313885287094839,0.6247596432794921,0.628074085994488,1.0
169.0,22.0,1.0,22.0,0.02,0.0,5.0,244.0,253.0,497.0,0.7769115148601331,0.7849860297897887,0.7809487723249608,1.0
170.0,22.0,2.0,22.0,0.02,1.0,5.0,56.0,51.0,107.0,0.9030886605408291,0.9033695517047746,0.9032291061228019,1.0
171.0,22.0,3.0,22.0,0.05,0.0,5.0,242.0,254.0,496.0,0.7254264954465858,0.7393335606049172,0.7323800280257515,1.0
172.0,22.0,4.0,22.0,0.05,1.0,5.0,39.0,46.0,85.0,0.8431588429309068,0.8460687605908366,0.8446138017608718,1.0
173.0,22.0,5.0,22.0,0.1,0.0,5.0,250.0,250.0,500.0,0.6629274088635987,0.6653886509224306,0.6641580298930146,1.0
174.0,22.0,6.0,22.0,0.1,1.0,5.0,66.0,79.0,145.0,0.758811639204828,0.7555186340057314,0.7571651366052796,1.0
175.0,22.0,7.0,22.0,0.02,0.0,10.0,250.0,248.0,498.0,0.7069369115418962,0.7130297810133339,0.7099833462776151,1.0
176.0,22.0,8.0,22.0,0.02,0.0,20.0,251.0,249.0,500.0,0.6217357891207488,0.6531236994145263,0.6374297442676375,1.0
177.0,23.0,1.0,23.0,0.02,0.0,5.0,262.0,236.0,498.0,0.7912773511257921,0.7846629445401746,0.7879701478329834,1.0
178.0,23.0,2.0,23.0,0.02,1.0,5.0,64.0,68.0,132.0,0.9057633503953526,0.8984328930001776,0.902098121697765,1.0
179.0,23.0,3.0,23.0,0.05,0.0,5.0,252.0,240.0,492.0,0.7311614751982879,0.7406414375175174,0.7359014563579027,1.0
180.0,23.0,4.0,23.0,0.05,1.0,5.0,41.0,45.0,86.0,0.8520012474690397,0.8540796163409636,0.8530404319050017,1.0
181.0,23.0,5.0,23.0,0.1,0.0,5.0,260.0,234.0,494.0,0.6674837499944883,0.6623360240829642,0.6649098870387262,1.0
182.0,23.0,6.0,23.0,0.1,1.0,5.0,50.0,52.0,102.0,0.7622664571187798,0.7517987962677928,0.7570326266932863,1.0
183.0,23.0,7.0,23.0,0.02,0.0,10.0,247.0,248.0,495.0,0.7147313321685976,0.7238127088379558,0.7192720205032768,1.0
184.0,23.0,8.0,23.0,0.02,0.0,20.0,247.0,245.0,492.0,0.6383924236129958,0.6501502617128835,0.6442713426629396,1.0
185.0,24.0,1.0,24.0,0.02,0.0,5.0,227.0,241.0,468.0,0.7823898034504438,0.7799939576947569,0.7811918805726004,1.0
186.0,24.0,2.0,24.0,0.02,1.0,5.0,56.0,53.0,109.0,0.896588127075372,0.9083333165816911,0.9024607218285317,1.0
187.0,24.0,3.0,24.0,0.05,0.0,5.0,229.0,237.0,466.0,0.7387920322525608,0.7353023633403626,0.7370471977964617,1.0
188.0,24.0,4.0,24.0,0.05,1.0,5.0,51.0,49.0,100.0,0.8394799722688655,0.8448729668623303,0.8421764695655979,1.0
189.0,24.0,5.0,24.0,0.1,0.0,5.0,240.0,223.0,463.0,0.6626070120284466,0.6590564101862838,0.6608317111073652,1.0
190.0,24.0,6.0,24.0,0.1,1.0,5.0,54.0,54.0,108.0,0.7494528847861488,0.7500513435346579,0.7497521141604033,1.0
191.0,24.0,7.0,24.0,0.02,0.0,10.0,242.0,226.0,468.0,0.7123699914916923,0.7203841779912756,0.716377084741484,1.0
192.0,24.0,8.0,24.0,0.02,0.0,20.0,229.0,238.0,467.0,0.6463039175025251,0.6536214113097172,0.6499626644061212,1.0
193.0,25.0,1.0,25.0,0.02,0.0,5.0,233.0,228.0,461.0,0.7745754202003168,0.7741996260757853,0.774387523138051,1.0
194.0,25.0,2.0,25.0,0.02,1.0,5.0,48.0,64.0,112.0,0.9002783161710984,0.8933375664623245,0.8968079413167115,1.0
195.0,25.0,3.0,25.0,0.05,0.0,5.0,219.0,235.0,454.0,0.7381088932190665,0.7277360668754879,0.7329224800472771,1.0
196.0,25.0,4.0,25.0,0.05,1.0,5.0,56.0,45.0,101.0,0.8410704413290956,0.843195713679043,0.8421330775040693,1.0
197.0,25.0,5.0,25.0,0.1,0.0,5.0,222.0,237.0,459.0,0.6558425767479055,0.6619816492175871,0.6589121129827462,1.0
198.0,25.0,6.0,25.0,0.1,1.0,5.0,55.0,60.0,115.0,0.7560070437634173,0.7537604704227654,0.7548837570930913,1.0
199.0,25.0,7.0,25.0,0.02,0.0,10.0,224.0,231.0,455.0,0.7111581075546721,0.7093959335018567,0.7102770205282645,1.0
200.0,25.0,8.0,25.0,0.02,0.0,20.0,233.0,222.0,455.0,0.6400989376443487,0.6422625940845411,0.6411807658644448,1.0
201.0,26.0,1.0,26.0,0.02,0.0,5.0,172.0,165.0,337.0,0.783729519320731,0.7786999912601626,0.7812147552904468,1.0
202.0,26.0,2.0,26.0,0.02,1.0,5.0,49.0,47.0,96.0,0.9079001984612437,0.9150728267225916,0.9114865125919176,1.0
203.0,26.0,3.0,26.0,0.05,0.0,5.0,245.0,246.0,491.0,0.7377083668519125,0.7384902888251398,0.7380993278385262,1.0
204.0,26.0,4.0,26.0,0.05,1.0,5.0,31.0,54.0,85.0,0.8512542417818714,0.8445240826688043,0.8478891622253378,1.0
205.0,26.0,5.0,26.0,0.1,0.0,5.0,246.0,245.0,491.0,0.6680532487818224,0.6674296397286141,0.6677414442552183,1.0
206.0,26.0,6.0,26.0,0.1,1.0,5.0,51.0,67.0,118.0,0.7473670552942779,0.7599372690669519,0.7536521621806149,1.0
207.0,26.0,7.0,26.0,0.02,0.0,10.0,235.0,256.0,491.0,0.7084329031194042,0.7186687583911214,0.7135508307552628,1.0
208.0,26.0,8.0,26.0,0.02,0.0,20.0,244.0,248.0,492.0,0.6501301118310303,0.6539117863887288,0.6520209491098796,1.0
209.0,27.0,1.0,27.0,0.02,0.0,5.0,233.0,224.0,457.0,0.7794930552407023,0.7712311751863723,0.7753621152135373,1.0
210.0,27.0,2.0,27.0,0.02,1.0,5.0,65.0,56.0,121.0,0.898082564221367,0.9039174723766078,0.9010000182989875,1.0
211.0,27.0,3.0,27.0,0.05,0.0,5.0,240.0,220.0,460.0,0.7325195012084037,0.7315656563385742,0.732042578773489,1.0
212.0,27.0,4.0,27.0,0.05,1.0,5.0,44.0,45.0,89.0,0.8498102563425687,0.8458604204803103,0.8478353384114394,1.0
213.0,27.0,5.0,27.0,0.1,0.0,5.0,224.0,235.0,459.0,0.650755439280145,0.6575621905142085,0.6541588148971768,1.0
214.0,27.0,6.0,27.0,0.1,1.0,5.0,54.0,55.0,109.0,0.7581533480319359,0.7575883067761067,0.7578708274040213,1.0
215.0,27.0,7.0,27.0,0.02,0.0,10.0,244.0,217.0,461.0,0.7050170282053236,0.7023938769600618,0.7037054525826927,1.0
216.0,27.0,8.0,27.0,0.02,0.0,20.0,238.0,223.0,461.0,0.6275866402334748,0.6468796236607229,0.6372331319470989,1.0
217.0,28.0,1.0,28.0,0.02,0.0,5.0,216.0,237.0,453.0,0.7818412113977146,0.7811729870017518,0.7815070991997332,1.0
218.0,28.0,2.0,28.0,0.02,1.0,5.0,59.0,38.0,97.0,0.9110462059912732,0.9069053764431307,0.908975791217202,2.0
219.0,28.0,3.0,28.0,0.05,0.0,5.0,234.0,219.0,453.0,0.7333282841877341,0.725919136457806,0.7296237103227701,1.0
220.0,28.0,4.0,28.0,0.05,1.0,5.0,52.0,67.0,119.0,0.8453021641884317,0.8350772918989129,0.8401897280436723,1.0
221.0,28.0,5.0,28.0,0.1,0.0,5.0,234.0,219.0,453.0,0.661326296980571,0.6626514910328224,0.6619888940066967,1.0
222.0,28.0,6.0,28.0,0.1,1.0,5.0,49.0,55.0,104.0,0.7585030329084589,0.7526018065162932,0.755552419712376,1.0
223.0,28.0,7.0,28.0,0.02,0.0,10.0,234.0,219.0,453.0,0.7042397687254376,0.7074532293599178,0.7058464990426777,1.0
224.0,28.0,8.0,28.0,0.02,0.0,20.0,234.0,219.0,453.0,0.6292364245278615,0.6366643276801132,0.6329503761039874,1.0
225.0,29.0,1.0,29.0,0.02,0.0,5.0,257.0,216.0,473.0,0.7871797771806321,0.7793100534286747,0.7832449153046535,1.0
226.0,29.0,2.0,29.0,0.02,1.0,5.0,66.0,57.0,123.0,0.9059584290731888,0.9005005384682057,0.9032294837706972,1.0
227.0,29.0,3.0,29.0,0.05,0.0,5.0,257.0,216.0,473.0,0.739269207510515,0.7280616359379571,0.733665421724236,1.0
228.0,29.0,4.0,29.0,0.05,1.0,5.0,56.0,67.0,123.0,0.8473512333625149,0.8473481121803385,0.8473496727714267,1.0
229.0,29.0,5.0,29.0,0.1,0.0,5.0,236.0,237.0,473.0,0.6583200818828916,0.6590965182667351,0.6587083000748133,1.0
230.0,29.0,6.0,29.0,0.1,1.0,5.0,43.0,40.0,83.0,0.7598720518607572,0.7536521386987871,0.7567620952797722,1.0
231.0,29.0,7.0,29.0,0.02,0.0,10.0,232.0,241.0,473.0,0.7152720516412422,0.7080004524929426,0.7116362520670925,1.0
232.0,29.0,8.0,29.0,0.02,0.0,20.0,207.0,266.0,473.0,0.6412491370252146,0.6567017689005747,0.6489754529628946,1.0
233.0,30.0,1.0,30.0,0.02,0.0,5.0,221.0,221.0,442.0,0.7681488251192042,0.7813268078974853,0.7747378165083447,1.0
234.0,30.0,2.0,30.0,0.02,1.0,5.0,73.0,58.0,131.0,0.9017457080282508,0.9085734792669309,0.9051595936475909,1.0
235.0,30.0,3.0,30.0,0.05,0.0,5.0,210.0,232.0,442.0,0.7234538798249095,0.7311518768589554,0.7273028783419324,1.0
236.0,30.0,4.0,30.0,0.05,1.0,5.0,52.0,42.0,94.0,0.8379616043053814,0.8449547282199826,0.841458166262682,1.0
237.0,30.0,5.0,30.0,0.1,0.0,5.0,210.0,232.0,442.0,0.6502118951283371,0.6543461300280133,0.6522790125781752,1.0
238.0,30.0,6.0,30.0,0.1,1.0,5.0,64.0,51.0,115.0,0.7523177939884238,0.7540521719027932,0.7531849829456085,1.0
239.0,30.0,7.0,30.0,0.02,0.0,10.0,210.0,232.0,442.0,0.7098007327427324,0.6939989648703089,0.7018998488065207,1.0
240.0,30.0,8.0,30.0,0.02,0.0,20.0,210.0,232.0,442.0,0.6363694907162428,0.6222862534976279,0.6293278721069353,1.0
